-- phpMyAdmin SQL Dump
-- version 5.2.1
-- https://www.phpmyadmin.net/
--
-- 主机： localhost
-- 生成日期： 2025-03-23 13:41:59
-- 服务器版本： 10.4.28-MariaDB
-- PHP 版本： 8.2.4

SET SQL_MODE = "NO_AUTO_VALUE_ON_ZERO";
START TRANSACTION;
SET time_zone = "+00:00";


/*!40101 SET @OLD_CHARACTER_SET_CLIENT=@@CHARACTER_SET_CLIENT */;
/*!40101 SET @OLD_CHARACTER_SET_RESULTS=@@CHARACTER_SET_RESULTS */;
/*!40101 SET @OLD_COLLATION_CONNECTION=@@COLLATION_CONNECTION */;
/*!40101 SET NAMES utf8mb4 */;

--
-- 数据库： `DailyReview`
--

-- --------------------------------------------------------

--
-- 表的结构 `daily_goals`
--

CREATE TABLE `daily_goals` (
  `id` int(11) NOT NULL,
  `weekly_goals_id` int(11) NOT NULL,
  `department_id` int(11) NOT NULL,
  `executor` varchar(50) NOT NULL,
  `executor_id` int(11) NOT NULL,
  `weekly_goal` text NOT NULL,
  `priority` int(5) DEFAULT 5 COMMENT '优先级',
  `status` int(11) NOT NULL,
  `is_new_goal` tinyint(1) DEFAULT 0,
  `createdate` int(11) NOT NULL,
  `mondayDate` int(11) NOT NULL COMMENT '周一日期,通过这个判断出是否本周的周任务'
) ENGINE=InnoDB DEFAULT CHARSET=utf8mb4 COLLATE=utf8mb4_general_ci;

--
-- 转存表中的数据 `daily_goals`
--

INSERT INTO `daily_goals` (`id`, `weekly_goals_id`, `department_id`, `executor`, `executor_id`, `weekly_goal`, `priority`, `status`, `is_new_goal`, `createdate`, `mondayDate`) VALUES
(0, 1, 2, '李欣', 18, '游戏 RTP 调整测试 - 增加 PP、PG 爽感', 10, 1, 0, 20250319, 20250317),
(0, 1, 2, '陈苏熙', 15, '游戏 RTP 调整测试 - 增加 PP、PG 爽感', 10, 1, 0, 20250319, 20250317),
(0, 2, 2, '谢国良', 45, '美国H5-限制1小时IP注册量', 10, 1, 0, 20250319, 20250317),
(0, 3, 2, '曹远浩', 17, '新支付通道接入', 10, 1, 0, 20250319, 20250317),
(0, 4, 2, '曹远浩', 17, '智利-TodayPay接入', 10, 1, 0, 20250319, 20250317),
(0, 5, 2, '王子腾', 47, '美国H5-邮箱登录MVP', 10, 1, 0, 20250319, 20250317),
(0, 5, 2, '谢国良', 45, '美国H5-邮箱登录MVP', 10, 1, 0, 20250319, 20250317),
(0, 5, 2, '曹方毅', 16, '美国H5-邮箱登录MVP', 10, 1, 0, 20250319, 20250317),
(0, 6, 2, '李欣', 18, 'PP自研-子游戏服务部署X20', 9, 1, 0, 20250319, 20250317),
(0, 6, 2, '帅维城', 19, 'PP自研-子游戏服务部署X20', 9, 1, 0, 20250319, 20250317),
(0, 7, 2, '王子腾', 47, '美国H5-退出和切换页签，停留当前房间\r\n', 9, 1, 0, 20250319, 20250317),
(0, 7, 2, '陶俊华', 48, '美国H5-退出和切换页签，停留当前房间\r\n', 9, 1, 0, 20250319, 20250317),
(0, 8, 2, '王子腾', 47, '美国H5-侧边栏遮罩', 9, 1, 0, 20250319, 20250317),
(0, 8, 2, '陶俊华', 48, '美国H5-侧边栏遮罩', 9, 1, 0, 20250319, 20250317),
(0, 9, 2, '陈苏熙', 15, '美国Google提审包（A/B投放包归因接入）', 9, 1, 0, 20250319, 20250317),
(0, 9, 2, '谢国良', 45, '美国Google提审包（A/B投放包归因接入）', 9, 1, 0, 20250319, 20250317),
(0, 10, 2, '梁嘉轩', 46, '美国H5 - Google的VIP导流到APK', 9, 1, 0, 20250319, 20250317),
(0, 10, 2, '曹方毅', 16, '美国H5 - Google的VIP导流到APK', 9, 1, 0, 20250319, 20250317),
(0, 10, 2, '谢国良', 45, '美国H5 - Google的VIP导流到APK', 9, 1, 0, 20250319, 20250317),
(0, 11, 2, '陶俊华', 48, '美国H5-弱时间给玩家发放免费转盘', 9, 1, 0, 20250319, 20250317),
(0, 12, 2, '梁嘉轩', 46, '美国H5-引擎加载页 - 优化进度条展示', 9, 1, 0, 20250319, 20250317),
(0, 13, 2, '王子腾', 47, '美国H5-搜索功能', 9, 1, 0, 20250319, 20250317),
(0, 14, 2, '王子腾', 47, '美国H5-分包增加颜色配置', 9, 1, 0, 20250319, 20250317),
(0, 15, 2, '梁嘉轩', 46, '美国H5-游戏内互导', 10, 1, 0, 20250319, 20250317),
(0, 16, 2, '王子腾', 47, '美国H5-前端点任何位置都关不掉问题修复', 9, 1, 0, 20250319, 20250317),
(0, 17, 2, '帅维城', 19, '美国H5-断线重连的交互优化提示（Lua转JS的7个游戏）', 9, 1, 0, 20250319, 20250317),
(0, 18, 2, '帅维城', 19, '美国H5-游戏内推送破产礼包（全覆盖）', 9, 1, 0, 20250319, 20250317),
(0, 19, 2, '帅维城', 19, '美国H5-细节优化 0228 （收藏效果）', 9, 1, 0, 20250319, 20250317),
(0, 20, 2, '陶俊华', 48, '美国H5-游戏记录 - 游戏内和后台', 6, 1, 0, 20250319, 20250317),
(0, 20, 2, '谢国良', 45, '美国H5-游戏记录 - 游戏内和后台', 6, 1, 0, 20250319, 20250317),
(0, 20, 2, '曹方毅', 16, '美国H5-游戏记录 - 游戏内和后台', 6, 1, 0, 20250319, 20250317),
(0, 21, 2, '曹方毅', 16, '美国H5-WhatsApp 提款失败原路返回', 9, 1, 0, 20250319, 20250317),
(0, 22, 2, '王子腾', 47, '美国H5-游戏内在线客服', 3, 1, 0, 20250319, 20250317),
(0, 23, 2, '王子腾', 47, '美国H5-断线重连 - 进入其他游戏时提示还有未完成的免费次数', 3, 1, 0, 20250319, 20250317),
(0, 24, 2, '梁嘉轩', 46, '美国H5-每个玩家，每日随机3个幸运房间', 3, 1, 0, 20250319, 20250317),
(0, 25, 2, '王子腾', 47, '巴西H5-小米巴西上架包B面风控优化', 6, 1, 0, 20250319, 20250317),
(0, 26, 2, '王子腾', 47, '墨西哥分包方案', 9, 1, 0, 20250319, 20250317),
(0, 27, 2, '梁嘉轩', 46, 'TW社交聊天软件', 3, 1, 0, 20250319, 20250317),
(0, 28, 2, '帅维城', 19, '巴西小米冲刺2000+（上包提速）', 9, 1, 0, 20250319, 20250317),
(0, 29, 2, '谢国良', 45, 'UC、游戏服务Linux迁移', 9, 1, 0, 20250319, 20250317),
(0, 30, 2, '谢国良', 45, 'PP\\PG首充风控优化重构', 9, 1, 0, 20250319, 20250317),
(0, 31, 2, '谢国良', 45, 'PP\\PG子游戏服务端崩溃问题排查及子游戏优化', 9, 1, 0, 20250319, 20250317),
(0, 32, 2, '曹远浩', 17, '运维管理后台宝塔权限系统开发', 9, 1, 0, 20250319, 20250317),
(0, 33, 2, '陈苏熙', 15, '线上、客服反馈问题处理', 9, 1, 0, 20250319, 20250317),
(0, 33, 2, '梁嘉轩', 46, '线上、客服反馈问题处理', 9, 1, 0, 20250319, 20250317),
(0, 33, 2, '李欣', 18, '线上、客服反馈问题处理', 9, 1, 0, 20250319, 20250317),
(0, 34, 2, '曹方毅', 16, '美国H5-手机号可以解绑+删号，手机号查询绑定日志', 9, 1, 1, 20250320, 20250317),
(0, 34, 2, '梁嘉轩', 46, '美国H5-手机号可以解绑+删号，手机号查询绑定日志', 9, 1, 1, 20250320, 20250317);

-- --------------------------------------------------------

--
-- 表的结构 `daily_tasks`
--

CREATE TABLE `daily_tasks` (
  `id` int(11) NOT NULL,
  `executor_id` int(11) NOT NULL,
  `day_goal` text NOT NULL,
  `task_content` text NOT NULL,
  `time_spent` decimal(10,2) DEFAULT 0.00,
  `progress` text DEFAULT '0',
  `date` int(11) NOT NULL,
  `createdate` int(11) NOT NULL,
  `is_new_goal` tinyint(1) DEFAULT 0,
  `daily_goals_id` int(11) NOT NULL DEFAULT 0
) ENGINE=InnoDB DEFAULT CHARSET=utf8mb4 COLLATE=utf8mb4_general_ci;

--
-- 转存表中的数据 `daily_tasks`
--

INSERT INTO `daily_tasks` (`id`, `executor_id`, `day_goal`, `task_content`, `time_spent`, `progress`, `date`, `createdate`, `is_new_goal`, `daily_goals_id`) VALUES
(1, 16, '需求美国H5-手机号可以解绑+删号，手机号查询绑定日志', '需求美国H5-手机号可以解绑+删号，手机号查询绑定日志', NULL, '0.5', 20250318, 20250319, 0, 0),
(2, 16, 'MVP邮箱登录需求配合测试验证智利相关客服反馈问题排查和线上修复', 'MVP邮箱登录需求配合测试验证测试出来的相关问题修复', NULL, '0.9', 20250318, 20250319, 0, 0),
(3, 16, '澳大利亚新地区测试环境部署sqlserver数据库', '澳大利亚新地区测试环境部署sqlserver数据库安装相关依赖 .netframework3.5按照sqlserver2008', NULL, '0.2', 20250318, 20250319, 0, 0),
(4, 16, '美国H5-分上游渠道选择性内嵌收银台配合验证', '美国H5-分上游渠道选择性内嵌收银台配合验证', NULL, '0.3', 20250318, 20250319, 0, 0),
(5, 16, 'MVP邮箱登录需求配合测试验证相关存储过程代码接口和飞哥代码复核优化', 'MVP邮箱登录需求配合测试验证相关存储过程代码接口和飞哥代码复核', NULL, '1', 20250318, 20250319, 0, 0),
(6, 16, '游戏记录分页查询接口优化增加serverid和gameid查询参数', '游戏记录分页查询接口优化增加serverid和gameid查询参数', NULL, '1', 20250318, 20250319, 0, 0),
(7, 16, '智利相关客服反馈问题排查和线上修复', '智利相关客服反馈问题排查和线上修复', NULL, '1', 20250318, 20250319, 0, 0),
(8, 18, 'PP自研-子游戏开发', '回合倍数为负数PP游戏下架，问题修复', NULL, '0.5', 20250318, 20250319, 0, 0),
(9, 18, 'PP自研-子游戏开发', 'PP游戏二级回合库获取倍数问题修复', NULL, '0', 20250318, 20250319, 0, 0),
(10, 18, '墨西哥H5-所有pp游戏同步墨西哥', '美国PP游戏资源及数据同步墨西哥测试环境，自测', NULL, '0.3', 20250318, 20250319, 0, 0),
(11, 18, '美国H5-go版本游戏断线重连优化', 'go版本首充时清除断线重连功能同步美国，测试上线', NULL, '1', 20250318, 20250319, 0, 0),
(12, 18, '智利H5-go版本游戏写分时税收异常回归验证', 'go版本游戏写分时税收异常功能修复回归测试，验证。', NULL, '1', 20250318, 20250319, 0, 0),
(13, 18, '墨西哥H5-线上问题排查', '墨西哥线上PP游戏风控问题排查定位，修复。', NULL, '1', 20250318, 20250319, 0, 0),
(14, 15, '每日工作确认', '梳理每日工作目标，并与伙伴确认', NULL, '1', 20250318, 20250319, 0, 0),
(15, 15, '多国家效率、风控提升思考', '思考多国家开发、维护降本点', NULL, '0', 20250318, 20250319, 0, 0),
(16, 15, '多国家效率、风控提升思考', '技术风控-评审思考', NULL, '0', 20250318, 20250319, 0, 0),
(17, 15, '线上问题处理', '线上问题排查', NULL, '1', 20250318, 20250319, 0, 0),
(18, 15, '线上问题处理', '野牛修复内容同步至各地区', NULL, '0', 20250318, 20250319, 0, 0),
(19, 15, '线上问题处理', '线上个玩家卡大厅或子游戏进不去的情况分析', NULL, '0.8', 20250318, 20250319, 0, 0),
(20, 46, '线上、客服反馈问题处理', '线上问题的排查', NULL, '1', 20250318, 20250319, 0, 0),
(21, 46, '断线重连 - 进入其他游戏时提示还有未完成的免费次数', '界面开发', NULL, '1', 20250318, 20250319, 0, 0),
(22, 46, '断线重连 - 进入其他游戏时提示还有未完成的免费次数', '逻辑开发', NULL, '1', 20250318, 20250319, 0, 0),
(23, 46, '断线重连 - 进入其他游戏时提示还有未完成的免费次数', '配合测试', NULL, '1', 20250318, 20250319, 0, 0),
(24, 46, '美国H5 - Google的VIP导流到APK', '接口的联调', NULL, '0', 20250318, 20250319, 0, 0),
(25, 46, '美国H5 - Google的VIP导流到APK', '领取奖励逻辑逻辑的开发', NULL, '0', 20250318, 20250319, 0, 0),
(26, 46, '美国H5_配合上线', '配合上线', NULL, '1', 20250318, 20250319, 0, 0),
(27, 17, '运维管理后台权限系统前端开发联调', '运维管理后台用户管理页面新增权限绑定', NULL, '1', 20250318, 20250319, 0, 0),
(28, 17, '运维管理后台权限系统前端开发联调', '运维管理后台宝塔管理页面新增权限组绑定', NULL, '1', 20250318, 20250319, 0, 0),
(29, 17, '运维管理后台权限系统前端开发联调', '运维管理后台申请页面新增验证码验证', NULL, '1', 20250318, 20250319, 0, 0),
(30, 17, '运维管理后台权限系统前端开发联调', '运维管理后台权限系统联调测试', NULL, '1', 20250318, 20250319, 0, 0),
(31, 17, '分上游渠道选择性内嵌收银台', '支付返回是否支持内嵌收银台', NULL, '1', 20250318, 20250319, 0, 0),
(32, 17, '分上游渠道选择性内嵌收银台', '支付和产品联调', NULL, '0', 20250318, 20250319, 0, 0),
(33, 17, '财务需求核对', '联运报表数据优化方案讨论', NULL, '1', 20250318, 20250319, 0, 0),
(34, 17, '支付日常维护', '客服问题日常答疑', NULL, '1', 20250318, 20250319, 0, 0),
(35, 45, '美国H5-弱时间发放免费转盘 开发与自测', '美国H5-弱时间发放免费转盘 测试反馈问题处理', NULL, '0.98', 20250318, 20250319, 0, 0),
(36, 45, 'go游戏框架维护', 'go子游戏 网络通信模块收包超过预设缓冲区代码优化', NULL, '0.8', 20250318, 20250319, 0, 0),
(37, 45, 'go游戏框架维护', 'go子游戏顶号登录问题修复', NULL, '0.95', 20250318, 20250319, 0, 0),
(38, 45, 'go游戏框架维护', 'go子游戏维护更新导致结算丢失问题 滚服方案实现', NULL, '0', 20250318, 20250319, 0, 0),
(39, 45, 'go游戏框架维护', '快速登录与退出问题排查', NULL, '0', 20250318, 20250319, 0, 0),
(40, 45, 'uc框架维护', 'dbmid linux新版本同步到测试环境验证与观察', NULL, '0', 20250318, 20250319, 0, 0),
(41, 45, '客服问题排查', '客服问题排查', NULL, '1', 20250318, 20250319, 0, 0),
(42, 45, '美国H5-游戏记录 - 游戏内', '流水采集服务开发', NULL, '0.8', 20250318, 20250319, 0, 0),
(43, 45, '美国H5-游戏记录 - 游戏内', '游戏内流水上报 go c++房间都需要', NULL, '0.6', 20250318, 20250319, 0, 0),
(44, 45, '美国H5-游戏记录 - 游戏内', '流水从kafka消费落库', NULL, '0.6', 20250318, 20250319, 0, 0),
(45, 45, '美国H5-游戏记录 - 游戏内', '与客户端联调', NULL, '0.6', 20250318, 20250319, 0, 0),
(46, 45, '美国H5 - 邮箱登录MVP', 'db 前端联调 提测', NULL, '0.9', 20250318, 20250319, 0, 0),
(47, 45, '美国H5 - Google的VIP导流到APK 开发与提测', '美国H5 - Google的VIP导流到APK 开发与提测', NULL, '0.8', 20250318, 20250319, 0, 0),
(48, 45, '美国H5-断线重连 - 进入其他游戏时提示还有未完成的免费次数 开发与联调', '美国H5-断线重连 - 进入其他游戏时提示还有未完成的免费次数 开发与联调', NULL, '1', 20250318, 20250319, 0, 0),
(49, 45, '美国H5-八项需求 上线', '美国H5-八项需求 上线', NULL, '1', 20250318, 20250319, 0, 0),
(50, 45, '美国H5-限制1小时IP注册量 线上开放', '美国H5-限制1小时IP注册量 线上开放', NULL, '1', 20250318, 20250319, 0, 0),
(51, 45, '墨西哥 pp子游戏房间更新，解决崩溃问题', '墨西哥 pp子游戏房间更新，解决崩溃问题', NULL, '0.8', 20250318, 20250319, 0, 0),
(52, 48, '美国H5 - 弱时间给玩家发放免费旋转', '配合测试', NULL, '0', 20250318, 20250319, 0, 0),
(53, 48, '美国H5 - 游戏记录查询', '界面调整', NULL, '1', 20250318, 20250319, 0, 0),
(54, 48, '美国H5 - 游戏记录查询', '数据联调', NULL, '0.5', 20250318, 20250319, 0, 0),
(55, 48, '美国H5-退出和切换页签', '配合测试', NULL, '0', 20250318, 20250319, 0, 0),
(56, 48, '美国H5 - 不同上游收银台内嵌', '根据不同上游区分内嵌和外跳', NULL, '0.8', 20250318, 20250319, 0, 0),
(57, 48, '美国H5 - USDT充提 - 更换推荐应用（币安停运）', '推荐应用更换', NULL, '0.95', 20250318, 20250319, 0, 0),
(58, 48, '美国H5 - 限时首充礼包文案优化（尾号10%测试）', '限时首充文案优化', NULL, '0.95', 20250318, 20250319, 0, 0),
(59, 48, '美国H5 - 线上问题修复', '修复测试反馈的线上问题', NULL, '0.95', 20250318, 20250319, 0, 0),
(60, 47, '美国H5-邮箱登录MVP，测试反馈处理。', '合并需求代码、配合测试', NULL, '0.95', 20250318, 20250319, 0, 0),
(61, 47, '美国H5-八项需求代码合并及提交测试。', '合并需求代码、配合测试', NULL, '0.95', 20250318, 20250319, 0, 0),
(62, 47, '美国H5-八项需求代码合并及提交测试。', '美国-提现问题', NULL, '0.95', 20250318, 20250319, 0, 0),
(63, 47, '美国H5-八项需求代码合并及提交测试。', '美国充值问题', NULL, '0.95', 20250318, 20250319, 0, 0),
(64, 47, '智利 - 视频投放落地页优化', '开发', NULL, '0', 20250318, 20250319, 0, 0),
(65, 47, '美国 - 图片版仿谷歌落地页测试', '开发', NULL, '0', 20250318, 20250319, 0, 0),
(66, 19, '巴西小米冲刺2000+（上包提速)', '打两个小米包', NULL, '1', 20250318, 20250319, 0, 0),
(67, 19, '巴西小米冲刺2000+（上包提速)', '打两个小米包', NULL, '1', 20250318, 20250319, 0, 0),
(68, 19, '巴西小米冲刺2000+（上包提速)', '编写文档和编译新a面包', NULL, '1', 20250318, 20250319, 0, 0),
(69, 19, '线上PP自研-子游戏问题解决（95%）', '重新拉取回合数据并整理', NULL, '1', 20250318, 20250319, 0, 0),
(70, 19, '协助排查巴西新增PP游戏问题', '协助排查巴西新增PP游戏问题', NULL, '1', 20250318, 20250319, 0, 0),
(71, 19, '美国H5-破产礼包全覆盖上线', '配合上线', NULL, '1', 20250318, 20250319, 0, 0),
(72, 19, '修复子游戏bug', '修复黄金派对和古罗马bug', NULL, '1', 20250318, 20250319, 0, 0),
(753, 16, '美国H5-手机号可以解绑查询绑定日志页面开发', '美国H5-手机号可以解绑查询绑定日志页面开发', 2.00, '90%', 20250319, 20250320, 0, 0),
(754, 16, '澳大利亚新地区测试环境部署sqlserver数据库导入数据库 编写导入脚本', '澳大利亚新地区测试环境部署sqlserver数据库安装相关依赖 .netframework3.5按照sqlserver2008导入数据库数据', 2.00, '90%', 20250319, 20250320, 0, 0),
(755, 16, '美国H5-分上游渠道选择性内嵌收银台配合验证测试', '美国H5-分上游渠道选择性内嵌收银台配合验证测试', 1.00, '100%', 20250319, 20250320, 0, 0),
(756, 16, '智利相关客服反馈问题排查后台查询对应代付总金额逻辑优化', '智利相关客服反馈问题排查后台查询对应代付总金额逻辑优化', 2.00, '100%', 20250319, 20250320, 0, 0),
(757, 16, '游戏后台记录接口接口优化', '游戏后台记录接口接口优化', 1.00, '100%', 20250319, 20250320, 0, 0),
(758, 18, 'PP自研-子游戏开发', 'PP游戏连续回合倍数为负数问题修复', 2.00, '80%', 20250319, 20250320, 0, 0),
(759, 18, '墨西哥H5-所有pp游戏同步墨西哥', '美国PP游戏资源及数据同步墨西哥测试环境，自测', 0.00, '30%', 20250319, 20250320, 0, 0),
(760, 18, 'bug修复-go版本首充时清除断线重连功能同步', 'go版本首充时清除断线重连功能同步巴西，墨西哥，智利', 2.00, '70%', 20250319, 20250320, 0, 0),
(761, 18, '线上问题排查', '智利线上用户身金异常排查，', 1.00, '100%', 20250319, 20250320, 0, 0),
(762, 18, '线上问题排查', 'PP游戏特殊模式报错问题排查修复，自测，同步', 2.00, '100%', 20250319, 20250320, 0, 0),
(763, 18, '美国H5-游戏记录', 'C++版本游戏流水上报开发，测试', 2.00, '100%', 20250319, 20250320, 0, 0),
(764, 15, '每日工作确认', '梳理每日工作目标，并与伙伴确认', 0.10, '100%', 20250319, 20250320, 0, 0),
(765, 15, '多国家效率、风控提升思考', '思考多国家开发、维护降本点', 0.00, '0%', 20250319, 20250320, 0, 0),
(766, 15, '多国家效率、风控提升思考', '技术风控-评审思考', 0.00, '0%', 20250319, 20250320, 0, 0),
(767, 15, '线上问题处理', '线上问题排查', 1.00, '100%', 20250319, 20250320, 0, 0),
(768, 15, '线上问题处理', '线上个玩家卡大厅或子游戏进不去的情况分析', 3.00, '90%', 20250319, 20250320, 0, 0),
(769, 15, '线上问题处理', '投放链渠道号异常问题排查', 3.00, '100%', 20250319, 20250320, 0, 0),
(770, 46, '线上、客服反馈问题处理', '线上问题的排查', 3.50, '100%', 20250319, 20250320, 0, 0),
(771, 46, '美国H5 - Google的VIP导流到APK', '接口的联调', 1.00, '100%', 20250319, 20250320, 0, 0),
(772, 46, '美国H5 - Google的VIP导流到APK', '领取奖励逻辑逻辑的开发', 1.00, '100%', 20250319, 20250320, 0, 0),
(773, 46, '美国H5 - Google的VIP导流到APK', '引流包手机绑定功能开发', 2.00, '100%', 20250319, 20250320, 0, 0),
(774, 46, '美国H5 - Google的VIP导流到APK', '自测', 1.00, '100%', 20250319, 20250320, 0, 0),
(775, 17, '分上游渠道选择内嵌收银台', '内嵌收银台产品配合联调', 0.00, '100%', 20250319, 20250320, 0, 0),
(776, 17, '澳大利亚测试环境部署推进', '澳大利亚页面部署', 0.00, '100%', 20250319, 20250320, 0, 0),
(777, 17, '澳大利亚测试环境部署推进', '澳大利亚uc服务部署', 0.00, '30%', 20250319, 20250320, 0, 0),
(778, 17, '联运报表数据优化', '联运报表数据优化', 0.00, '10%', 20250319, 20250320, 0, 0),
(779, 17, '支付日常维护', '增加代付银行编码', 0.00, '100%', 20250319, 20250320, 0, 0),
(780, 17, '支付日常维护', '联运数据优化细节核对', 0.00, '100%', 20250319, 20250320, 0, 0),
(781, 17, '支付日常维护', '核对清算数据需求确认', 0.00, '100%', 20250319, 20250320, 0, 0),
(782, 17, '支付日常维护', '澳大利亚支付系统搭建讨论和方案确定', 0.00, '100%', 20250319, 20250320, 0, 0),
(783, 17, '支付日常维护', '澳大利亚代付通道夜间队列需求讨论', 0.00, '100%', 20250319, 20250320, 0, 0),
(784, 17, '支付日常维护', '协助财务导出数据和对账异常排查', 0.00, '100%', 20250319, 20250320, 0, 0),
(785, 45, '美国H5-弱时间发放免费转盘 开发与自测', '美国H5-弱时间发放免费转盘 测试反馈问题处理', 0.00, '98%', 20250319, 20250320, 0, 0),
(786, 45, 'go游戏框架维护', 'go子游戏 网络通信模块收包超过预设缓冲区代码优化', 0.00, '80%', 20250319, 20250320, 0, 0),
(787, 45, 'go游戏框架维护', 'go子游戏顶号登录问题修复', 0.00, '95%', 20250319, 20250320, 0, 0),
(788, 45, 'go游戏框架维护', 'go子游戏维护更新导致结算丢失问题 滚服方案实现', 0.00, '0%', 20250319, 20250320, 0, 0),
(789, 45, 'go游戏框架维护', '快速登录与退出问题排查', 0.00, '0%', 20250319, 20250320, 0, 0),
(790, 45, 'uc框架维护', 'dbmid linux新版本同步到测试环境验证与观察', 0.00, '0%', 20250319, 20250320, 0, 0),
(791, 45, '客服问题排查', '客服问题排查', 1.00, '100%', 20250319, 20250320, 0, 0),
(792, 45, '美国H5-游戏记录 - 游戏内', '流水采集服务开发', 1.00, '100%', 20250319, 20250320, 0, 0),
(793, 45, '美国H5-游戏记录 - 游戏内', '游戏内流水上报 go c++房间都需要', 2.00, '80%', 20250319, 20250320, 0, 0),
(794, 45, '美国H5-游戏记录 - 游戏内', '流水从kafka消费落库', 2.00, '100%', 20250319, 20250320, 0, 0),
(795, 45, '美国H5-游戏记录 - 游戏内', '与客户端联调', 1.00, '90%', 20250319, 20250320, 0, 0),
(796, 45, '美国H5 - 邮箱登录MVP', '美国H5 - 邮箱登录MVP 配合测试', 0.00, '90%', 20250319, 20250320, 0, 0),
(797, 45, '美国H5 - Google的VIP导流到APK 开发与提测', '美国H5 - Google的VIP导流到APK 开发与提测', 0.00, '80%', 20250319, 20250320, 0, 0),
(798, 45, '美国H5-断线重连 - 进入其他游戏时提示还有未完成的免费次数 上线', '美国H5-断线重连 - 进入其他游戏时提示还有未完成的免费次数 上线', 0.00, '0%', 20250319, 20250320, 0, 0),
(799, 45, '美国H5-限制1小时IP注册量 线上复查', '美国H5-限制1小时IP注册量 线上复查', 1.00, '100%', 20250319, 20250320, 0, 0),
(800, 45, '墨西哥 pp子游戏房间更新，解决崩溃问题', '墨西哥 pp子游戏房间更新，解决崩溃问题 复查与全量更新', 2.00, '100%', 20250319, 20250320, 0, 0),
(801, 48, '美国H5 - 弱时间给玩家发放免费旋转', '配合测试', 0.50, '96%', 20250319, 20250320, 0, 0),
(802, 48, '美国H5 - 退出和切换页签记录位置', '配合测试', 0.50, '96%', 20250319, 20250320, 0, 0),
(803, 48, '美国H5 - USDT充提 - 更换推荐应用（币安停运）', '配合测试', 0.00, '0%', 20250319, 20250320, 0, 0),
(804, 48, '美国H5 - 限时首充礼包文案优化（尾号10%测试）', '配合测试', 0.00, '0%', 20250319, 20250320, 0, 0),
(805, 48, '美国H5 - 游戏记录查询', '数据联调', 2.00, '100%', 20250319, 20250320, 0, 0),
(806, 48, '美国H5 - 游戏记录查询', '自测', 3.00, '100%', 20250319, 20250320, 0, 0),
(807, 48, '美国H5 - 不同上游收银台内嵌', '根据不同上游区分内嵌和外跳', 1.00, '100%', 20250319, 20250320, 0, 0),
(808, 48, '美国H5 - 不同上游收银台内嵌', '配合测试', 1.00, '60%', 20250319, 20250320, 0, 0),
(809, 47, '美国H5-八项需求代码合并及提交测试。', '合并需求代码、配合测试', 2.00, '95%', 20250319, 20250320, 0, 0),
(810, 47, '访问报红问题', '美国方案一仿谷歌落地页', 1.00, '100%', 20250319, 20250320, 0, 0),
(811, 47, '访问报红问题', '秘鲁方案一仿谷歌落地页', 0.00, '0%', 20250319, 20250320, 0, 0),
(812, 47, '访问报红问题', '巴西简版视频落地页', 1.00, '100%', 20250319, 20250320, 0, 0),
(813, 47, '访问报红问题', '美国方案一新增两个视频落地页', 3.00, '100%', 20250319, 20250320, 0, 0),
(814, 19, '巴西小米冲刺2000+（上包提速)', '打两个小米包', 2.00, '100%', 20250319, 20250320, 0, 0),
(815, 19, '巴西小米冲刺2000+（上包提速)', '打两个小米包', 2.00, '100%', 20250319, 20250320, 0, 0),
(816, 19, '巴西小米冲刺2000+（上包提速)', '编写文档和编译新a面包', 1.00, '100%', 20250319, 20250320, 0, 0),
(817, 19, '线上PP自研-子游戏问题解决（100%）', '配合重新拉取回合数据的pp游戏测试', 1.00, '100%', 20250319, 20250320, 0, 0),
(818, 19, '线上PP自研-子游戏问题解决（100%）', '解决报错问题', 0.50, '100%', 20250319, 20250320, 0, 0),
(819, 19, '子游戏弹窗问题修改发布上线', '子游戏弹窗问题修改发布上线', 1.00, '100%', 20250319, 20250320, 0, 0),
(820, 19, '智利-野牛中奖弹窗问题解决', '野牛中奖弹窗问题排查', 1.50, '100%', 20250319, 20250320, 0, 0),
(821, 16, '美国H5-手机号可以解绑查询绑定日志页面开发配合联调测试验证', '美国H5-手机号可以解绑查询绑定日志页面开发配合联调测试验证', 2.00, '90%', 20250320, 20250321, 0, 0),
(822, 16, '澳大利亚新地区测试环境部署sqlserver数据库导入数据库 编写导入脚本相关存储过程 表数据清理修改', '澳大利亚新地区测试环境部署sqlserver数据库导入数据库 编写导入脚本相关存储过程 表数据清理修改', 2.00, '100%', 20250320, 20250321, 0, 0),
(823, 16, '游戏后台记录接口配合上线测试验证', '游戏后台记录接口配合上线测试验证', 2.00, '95%', 20250320, 20250321, 0, 0),
(824, 16, '邮箱MVP配合上线验证', '邮箱MVP配合上线验证', 1.00, '90%', 20250320, 20250321, 0, 0),
(825, 16, 'APK导流配合验证', 'APK导流配合验证', 0.10, '10%', 20250320, 20250321, 0, 0),
(826, 16, '产品数据预警添加智利', '产品数据预警添加智利', 1.00, '100%', 20250320, 20250321, 0, 0),
(827, 18, 'PP自研-子游戏开发', 'PP游戏二级回合库获取倍数问题修复', 2.00, '100%', 20250320, 20250321, 0, 0),
(828, 18, 'PP自研-子游戏开发', 'PP游戏重新提测（13/13），自测', 2.00, '100%', 20250320, 20250321, 0, 0),
(829, 18, 'PP自研-子游戏开发', 'PP游戏初始选择游戏模式功能开发', 1.00, '30%', 20250320, 20250321, 0, 0),
(830, 18, '墨西哥H5-所有pp游戏同步墨西哥', '美国PP游戏资源及数据同步墨西哥测试环境，自测', 0.00, '0%', 20250320, 20250321, 0, 0),
(831, 18, 'bug修复-go版本首充时清除断线重连功能同步', 'go版本首充时清除断线重连功能同步巴西，墨西哥，智利', 2.00, '95%', 20250320, 20250321, 0, 0),
(832, 18, '美国H5-弱时间赠送免费回合开发', '弱时间赠送免费回合协议数据调整，配合测试', 2.00, '100%', 20250320, 20250321, 0, 0),
(833, 15, '每日工作确认', '梳理每日工作目标，并与伙伴确认', 0.10, '100%', 20250320, 20250321, 0, 0),
(834, 15, '多国家效率、风控提升思考', '思考多国家开发、维护降本点', 0.00, '0%', 20250320, 20250321, 0, 0),
(835, 15, '多国家效率、风控提升思考', '技术风控-评审思考', 0.00, '0%', 20250320, 20250321, 0, 0),
(836, 15, '线上问题处理', '线上问题排查', 0.00, '100%', 20250320, 20250321, 0, 0),
(837, 15, '线上问题处理', '线上个玩家卡大厅或子游戏进不去的情况分析', 1.50, '100%', 20250320, 20250321, 0, 0),
(838, 15, '线上问题处理', '线上TX问题排查', 0.50, '100%', 20250320, 20250321, 0, 0),
(839, 15, '线上问题处理', '巴西游戏引擎LIB迁移至ESC', 0.00, '0%', 20250320, 20250321, 0, 0),
(840, 15, 'H5前端日志及预警工具调研', '日志及钉钉预警跑验证', 5.50, '100%', 20250320, 20250321, 0, 0),
(841, 46, '线上、客服反馈问题处理', '线上问题的排查', 3.00, '100%', 20250320, 20250321, 0, 0),
(842, 46, '美国H5 - Google的VIP导流到APK', '配合测试,修复问题', 1.00, '100%', 20250320, 20250321, 0, 0),
(843, 46, '断线重连 - 进入其他游戏时提示还有未完成的免费次数', '配合上线', 0.00, '0%', 20250320, 20250321, 0, 0),
(844, 46, '美国H5 - 手机注册用户解绑+删号', '界面开发', 2.00, '100%', 20250320, 20250321, 0, 0),
(845, 46, '美国H5 - 手机注册用户解绑+删号', '逻辑开发', 2.00, '100%', 20250320, 20250321, 0, 0),
(846, 46, '美国H5 - 手机注册用户解绑+删号', '自测', 1.00, '100%', 20250320, 20250321, 0, 0),
(847, 17, '联运数据优化', '墨西哥后台新建新建一个用于联运对账的财务板块', 1.00, '50%', 20250320, 20250321, 0, 0),
(848, 17, '联运数据优化', '优化原有定时任务统计联运数据逻辑', 1.00, '100%', 20250320, 20250321, 0, 0),
(849, 17, '联运数据优化', '新增财务板块联运数据统计的定时任务', 1.00, '50%', 20250320, 20250321, 0, 0),
(850, 17, '联运数据优化', '财务板块相关接口编写联调测试', 0.00, '0%', 20250320, 20250321, 0, 0),
(851, 17, '澳大利亚测试环境部署推进', '澳大利亚uc服务部署', 5.00, '50%', 20250320, 20250321, 0, 0),
(852, 17, '日常维护', '新支付对接文档查看', 0.50, '100%', 20250320, 20250321, 0, 0),
(853, 17, '日常维护', '协助财务对账', 0.50, '100%', 20250320, 20250321, 0, 0),
(854, 45, '美国H5-弱时间发放免费转盘 开发与自测', '美国H5-弱时间发放免费转盘 测试反馈问题处理', 1.00, '100%', 20250320, 20250321, 0, 0),
(855, 45, 'go游戏框架维护', 'go子游戏 网络通信模块收包超过预设缓冲区代码优化', 0.00, '80%', 20250320, 20250321, 0, 0),
(856, 45, 'go游戏框架维护', 'go子游戏顶号登录问题修复', 0.00, '95%', 20250320, 20250321, 0, 0),
(857, 45, 'go游戏框架维护', 'go子游戏维护更新导致结算丢失问题 滚服方案实现', 0.00, '0%', 20250320, 20250321, 0, 0),
(858, 45, 'go游戏框架维护', '快速登录与退出问题排查', 0.00, '0%', 20250320, 20250321, 0, 0),
(859, 45, 'uc框架维护', 'dbmid linux新版本同步到测试环境验证与观察', 0.00, '0%', 20250320, 20250321, 0, 0),
(860, 45, '客服问题排查', '客服问题排查', 0.00, '0%', 20250320, 20250321, 0, 0),
(861, 45, '美国H5-游戏记录 - 游戏内', '游戏内流水上报 go c++房间都需要', 1.00, '100%', 20250320, 20250321, 0, 0),
(862, 45, '美国H5-游戏记录 - 游戏内', '与客户端联调与线上提前部署', 2.00, '95%', 20250320, 20250321, 0, 0),
(863, 45, '美国H5 - 邮箱登录MVP', '美国H5 - 邮箱登录MVP 配合测试', 1.00, '95%', 20250320, 20250321, 0, 0),
(864, 45, '美国H5 - Google的VIP导流到APK 开发与提测', '美国H5 - Google的VIP导流到APK 开发与提测', 0.00, '80%', 20250320, 20250321, 0, 0),
(865, 45, '美国H5-断线重连 - 进入其他游戏时提示还有未完成的免费次数 上线', '美国H5-断线重连 - 进入其他游戏时提示还有未完成的免费次数 上线', 0.00, '0%', 20250320, 20250321, 0, 0),
(866, 45, '巴西H5 - TG红包运营活动 开发与联调', '巴西H5 - TG红包运营活动 开发与联调', 3.00, '70%', 20250320, 20250321, 0, 0),
(867, 45, '检测房间机器人接入websocket协议', '检测房间机器人接入websocket协议', 1.00, '20%', 20250320, 20250321, 0, 0),
(868, 48, '美国H5 - 弱时间给玩家发放免费旋转', '配合测试', 3.00, '98%', 20250320, 20250321, 0, 0),
(869, 48, '美国H5 - 退出和切换页签记录位置', '配合测试', 1.00, '98%', 20250320, 20250321, 0, 0),
(870, 48, '美国H5 - USDT充提 - 更换推荐应用（币安停运）', '配合测试', 1.00, '99%', 20250320, 20250321, 0, 0),
(871, 48, '美国H5 - 限时首充礼包文案优化（尾号10%测试）', '配合测试', 1.00, '99%', 20250320, 20250321, 0, 0),
(872, 48, '美国H5 - 游戏记录查询', '配合测试', 1.00, '98%', 20250320, 20250321, 0, 0),
(873, 48, '美国H5 - 不同上游收银台内嵌', '配合测试', 1.00, '99%', 20250320, 20250321, 0, 0),
(874, 48, '美国H5 - 个人资金区域交互优化 + 引导充值高额 + 其他', '需求核对', 0.50, '100%', 20250320, 20250321, 0, 0),
(875, 48, '美国H5 - 个人资金区域交互优化 + 引导充值高额 + 其他', '界面优化开发', 0.00, '0%', 20250320, 20250321, 0, 0),
(876, 47, '美国H5-八项需求代码合并及提交测试。', '合并需求代码、配合测试', 3.00, '100%', 20250320, 20250321, 0, 0),
(877, 47, '访问报红问题', '美国7usslot及其他六个联运包分包仿谷歌落地页', 4.00, '100%', 20250320, 20250321, 0, 0),
(878, 47, '访问报红问题', '美国分包仿谷歌落地页上线', 2.00, '100%', 20250320, 20250321, 0, 0),
(879, 19, '巴西小米冲刺2000+（上包提速)', '打两个小米包', 2.00, '100%', 20250320, 20250321, 0, 0),
(880, 19, '巴西小米冲刺2000+（上包提速)', '打两个小米包', 2.00, '100%', 20250320, 20250321, 0, 0),
(881, 19, '巴西小米冲刺2000+（上包提速)', '填写文档和编译新a面包', 0.50, '100%', 20250320, 20250321, 0, 0),
(882, 19, '巴西小米冲刺2000+（上包提速)', '协助排查新增用户为0包的问题', 0.50, '100%', 20250320, 20250321, 0, 0),
(883, 19, '线上PP自研-新发现子游戏问题解决', '删除并重新合有错误的回合数据', 1.00, '100%', 20250320, 20250321, 0, 0),
(884, 19, '线上PP自研-新发现子游戏问题解决', '跟进并解决线上报错问题', 1.00, '100%', 20250320, 20250321, 0, 0),
(885, 19, '充值弹窗迁移到cocos子游戏', '充值弹窗迁移到cocos子游戏', 1.00, '80%', 20250320, 20250321, 0, 0),
(1981, 15, '每日工作确认', '梳理每日工作目标，并与伙伴确认', -1.00, '0%', 20250321, 20250322, 0, 0),
(1982, 15, '多国家效率、风控提升思考', '思考多国家开发、维护降本点', -1.00, '0%', 20250321, 20250322, 0, 0),
(1983, 15, '多国家效率、风控提升思考', '技术风控-评审思考', -1.00, '0%', 20250321, 20250322, 0, 0),
(1984, 15, '多国家效率、风控提升思考', '技术方案评审委员会方案', -1.00, '0%', 20250321, 20250322, 0, 0),
(1985, 15, '线上问题处理', '线上问题排查', -1.00, '0%', 20250321, 20250322, 0, 0),
(1986, 15, '线上问题处理', '巴西游戏引擎LIB迁移至ESC', -1.00, '0%', 20250321, 20250322, 0, 0),
(1987, 15, 'H5前端日志及预警工具调研', '智利游戏上线验证', -1.00, '0%', 20250321, 20250322, 0, 0),
(1988, 16, '澳大利亚新地区测试环境部署sqlserver数据库\r\n对应的存储过程内容里面的跟uc关联的地址修改', '澳大利亚新地区测试环境部署sqlserver数据库\r\n对应的存储过程内容里面的跟uc关联的地址修改', 2.00, '100%', 20250321, 20250322, 0, 0),
(1989, 16, '澳大利亚相关支付环境验证', '澳大利亚相关支付环境验证', 2.00, '90%', 20250321, 20250322, 0, 0),
(1990, 16, '游戏记录mysql数据库相关请求日志负载观察监控', '游戏记录mysql数据库相关请求日志负载观察监控', 2.00, '80%', 20250321, 20250322, 0, 0),
(1991, 16, '智利领取救济金接口数据溢出修复', '智利领取救济金接口数据溢出修复', 2.00, '100%', 20250321, 20250322, 0, 0),
(1992, 16, 'google导流APK需求配合测试验证', 'google导流APK需求配合测试验证', 1.00, '90%', 20250321, 20250322, 0, 0),
(1993, 16, '弱时间旋转活动需求发送邮件预估配合测试验证', '弱时间旋转活动需求发送邮件预估配合测试验证', 0.50, '100%', 20250321, 20250322, 0, 0),
(1994, 17, '联运数据优化', '墨西哥后台新建新建一个用于联运对账的财务板块', 2.00, '100%', 20250321, 20250322, 0, 0),
(1995, 17, '联运数据优化', '新增财务板块联运数据统计的定时任务', 1.00, '100%', 20250321, 20250322, 0, 0),
(1996, 17, '联运数据优化', '财务板块相关接口编写联调测试', 2.00, '100%', 20250321, 20250322, 0, 0),
(1997, 17, '澳大利亚测试环境部署推进', '澳大利亚uc服务部署', 2.00, '100%', 20250321, 20250322, 0, 0),
(1998, 17, '日常维护', '协助排查支付线上问题', 0.50, '100%', 20250321, 20250322, 0, 0),
(1999, 17, '日常维护', '协助财务对账', 0.50, '100%', 20250321, 20250322, 0, 0),
(2000, 18, 'PP自研-子游戏开发', '新增13款PP游戏配合测试，上线', -1.00, '0%', 20250321, 20250322, 0, 0),
(2001, 18, 'PP自研-子游戏开发', 'PP游戏其他问题修复', 2.00, '70%', 20250321, 20250322, 0, 0),
(2002, 18, 'bug修复-go版本首充时清除断线重连功能同步', 'go版本首充时清除断线重连功能同步巴西，墨西哥，智利，上线', 3.00, '100%', 20250321, 20250322, 0, 0),
(2003, 18, '美国H5-弱时间给玩家发放免费转盘', '弱时间赠送免费回合功能配合测试，修复bug', 1.00, '98%', 20250321, 20250322, 0, 0),
(2004, 18, '线上问题排查', '线上PP游戏问题汇总，分析，阿兹特克游戏下架，7bslot-1.com域名下有问题PP游戏下架', 2.00, '100%', 20250321, 20250322, 0, 0),
(2005, 19, '巴西小米冲刺2000+（上包提速)', '打两个小米包', 2.00, '100%', 20250321, 20250322, 0, 0),
(2006, 19, '小米上包支持', '打两个小米包', 2.00, '100%', 20250321, 20250322, 0, 0),
(2007, 19, '巴西小米冲刺2000+（上包提速)(每天四个)', '填写文档和编译新a面包', 1.00, '100%', 20250321, 20250322, 0, 0),
(2008, 19, '充值弹窗迁移到cocos子游戏', '充值弹窗迁移到cocos子游戏', 0.50, '100%', 20250321, 20250322, 0, 0),
(2009, 19, '充值弹窗迁移到cocos子游戏', '完成测试', 0.50, '100%', 20250321, 20250322, 0, 0),
(2010, 19, '修复野狼断线重连异常显示的bug', '修复野狼断线重连异常显示的bug', 2.00, '100%', 20250321, 20250322, 0, 0),
(2011, 45, 'go游戏框架维护', 'go子游戏 网络通信模块收包超过预设缓冲区代码优化', -1.00, '80%', 20250321, 20250322, 0, 0),
(2012, 45, 'go游戏框架维护', 'go子游戏顶号登录问题修复', -1.00, '95%', 20250321, 20250322, 0, 0),
(2013, 45, 'go游戏框架维护', 'go子游戏维护更新导致结算丢失问题 滚服方案实现', -1.00, '0%', 20250321, 20250322, 0, 0),
(2014, 45, 'go游戏框架维护', '快速登录与退出问题排查', -1.00, '0%', 20250321, 20250322, 0, 0),
(2015, 45, 'uc框架维护', 'dbmid linux新版本同步到测试环境验证与观察', -1.00, '0%', 20250321, 20250322, 0, 0),
(2016, 45, '客服问题排查', '客服问题排查', 1.00, '100%', 20250321, 20250322, 0, 0),
(2017, 45, '美国H5-游戏记录 - 游戏内', '线上回查', 1.00, '100%', 20250321, 20250322, 0, 0),
(2018, 45, '美国H5-游戏记录 - 游戏内', '与客户端联调与线上提前部署(回查后同步到所有子游戏)', 1.00, '100%', 20250321, 20250322, 0, 0),
(2019, 45, '美国H5 - 邮箱登录MVP', '美国H5 - 邮箱登录MVP 配合测试', -1.00, '95%', 20250321, 20250322, 0, 0),
(2020, 45, '美国H5 - Google的VIP导流到APK 开发与提测', '美国H5 - Google的VIP导流到APK 开发与提测', -1.00, '80%', 20250321, 20250322, 0, 0),
(2021, 45, '美国H5-断线重连 - 进入其他游戏时提示还有未完成的免费次数 上线', '美国H5-断线重连 - 进入其他游戏时提示还有未完成的免费次数 上线', 1.00, '100%', 20250321, 20250322, 0, 0),
(2022, 45, '巴西H5 - TG红包运营活动 开发与联调', '巴西H5 - TG红包运营活动 开发与联调', 2.00, '80%', 20250321, 20250322, 0, 0),
(2023, 45, '检测房间机器人接入websocket协议', '检测房间机器人接入websocket协议', 2.00, '50%', 20250321, 20250322, 0, 0),
(2024, 45, '线上排查日志采集服务cpu和内存异常', '线上排查日志采集服务cpu和内存异常', 1.00, '0%', 20250321, 20250322, 0, 0),
(2025, 46, '线上、客服反馈问题处理', '线上问题的排查', 2.00, '100%', 20250321, 20250322, 0, 0),
(2026, 46, '美国H5 - FB绑定', '需求核对', 0.50, '100%', 20250321, 20250322, 0, 0),
(2027, 46, '美国H5 - 手机注册用户解绑+删号', 'Android弹窗界面开发', 3.00, '100%', 20250321, 20250322, 0, 0),
(2028, 46, '美国H5 - Google的VIP导流到APK', '配合测试', 1.00, '100%', 20250321, 20250322, 0, 0),
(2029, 46, '美国H5-断线重连 - 进入其他游戏时提示还有未完成的免费次数', '配合上线', 1.00, '100%', 20250321, 20250322, 0, 0),
(2030, 47, '美国H5-邮箱mvp', '合并需求代码、配合测试', 2.00, '95%', 20250321, 20250322, 0, 0),
(2031, 47, '访问报红问题', '智利仿谷歌落地页', 1.50, '100%', 20250321, 20250322, 0, 0),
(2032, 47, '访问报红问题', '巴西仿谷歌落地页', 1.50, '100%', 20250321, 20250322, 0, 0),
(2033, 47, '访问报红问题', '墨西哥仿谷歌落地页', 1.50, '100%', 20250321, 20250322, 0, 0),
(2034, 47, '访问报红问题', '秘鲁仿谷歌落地页', 1.50, '100%', 20250321, 20250322, 0, 0),
(2035, 48, '美国H5 - 弱时间给玩家发放免费旋转', '配合测试', 4.00, '99%', 20250321, 20250322, 0, 0),
(2036, 48, '美国H5 - 退出和切换页签记录位置', '配合测试', 0.50, '100%', 20250321, 20250322, 0, 0),
(2037, 48, '美国H5 - USDT充提 - 更换推荐应用（币安停运）', '发布上线', 0.50, '100%', 20250321, 20250322, 0, 0),
(2038, 48, '美国H5 - 限时首充礼包文案优化（尾号10%测试）', '发布上线', 0.50, '100%', 20250321, 20250322, 0, 0),
(2039, 48, '美国H5 - 游戏记录查询', '配合测试', 0.50, '100%', 20250321, 20250322, 0, 0),
(2040, 48, '美国H5 - 不同上游收银台内嵌', '发布上线', 0.50, '100%', 20250321, 20250322, 0, 0),
(2041, 48, '美国H5 - 个人资金区域交互优化 + 引导充值高额 + 其他', '界面优化开发', 1.00, '30%', 20250321, 20250322, 0, 0),
(2042, 17, '澳大利亚测试环境游戏部署推进', '澳大利亚测试环境c++游戏部署', -1.00, '30%', 20250322, 20250322, 0, 0),
(2043, 17, 'uc服务流程梳理', 'uc服务流程梳理', -1.00, '100%', 20250322, 20250322, 0, 0),
(2044, 17, '美国gsp_gr_almsScore_fetch_h5存储过程异常协助排查', '美国gsp_gr_almsScore_fetch_h5存储过程异常协助排查', -1.00, '100%', 20250322, 20250322, 0, 0),
(2045, 17, '澳大利亚支付系统部署', '澳大利亚支付代码打包脚本修改', -1.00, '50%', 20250322, 20250322, 0, 0),
(2046, 18, 'PP自研-子游戏开发', 'PP游戏开局选择一级库问题修复', 2.00, '60%', 20250322, 20250322, 0, 0),
(2047, 18, 'PP自研-子游戏开发', 'PP游戏连续回合倍数为负数问题测试', 2.00, '100%', 20250322, 20250322, 0, 0),
(2048, 18, '线上问题排查', '线上问题排查', 1.00, '100%', 20250322, 20250322, 0, 0),
(2049, 19, '巴西小米冲刺2000+（上包提速)', '填写文档和编译新a面包', 1.00, '100%', 20250322, 20250322, 0, 0),
(2050, 19, 'pp游戏回合服务更改', '更改重载脚本', 0.50, '100%', 20250322, 20250322, 0, 0),
(2051, 19, 'pp游戏回合服务更改', '添加可查询新字段', 1.00, '100%', 20250322, 20250322, 0, 0),
(2052, 19, 'pp游戏线上问题排查', '排查可能有问题pp游戏', 1.00, '100%', 20250322, 20250322, 0, 0),
(2053, 19, '美国子游戏优化迁移到巴西', '充值弹窗迁移至cocos子游戏', 1.50, '100%', 20250322, 20250322, 0, 0),
(2054, 19, '美国子游戏优化迁移到巴西', '野狼黄金bug修复', 0.50, '100%', 20250322, 20250322, 0, 0),
(2055, 19, '美国子游戏优化迁移到巴西', '充值弹窗迁移至js子游戏', 1.00, '50%', 20250322, 20250322, 0, 0),
(2056, 47, '美国H5-邮箱mvp', '合并需求代码、配合测试', 3.00, '95%', 20250322, 20250322, 0, 0),
(2057, 47, '无法进入大厅及子游戏改进措施', '墨西哥push_manager修复、implog集成入项目', 0.00, '0%', 20250322, 20250322, 0, 0),
(2058, 47, '无法进入大厅及子游戏改进措施', '秘鲁push_manager修复、implog集成入项目', 0.00, '0%', 20250322, 20250322, 0, 0),
(2059, 47, '无法进入大厅及子游戏改进措施', '智利push_manager修复、implog集成入项目', 3.00, '95%', 20250322, 20250322, 0, 0);

-- --------------------------------------------------------

--
-- 表的结构 `departments`
--

CREATE TABLE `departments` (
  `id` int(11) NOT NULL,
  `group_id` int(11) NOT NULL,
  `department_name` varchar(100) NOT NULL
) ENGINE=InnoDB DEFAULT CHARSET=utf8mb4 COLLATE=utf8mb4_general_ci;

--
-- 转存表中的数据 `departments`
--

INSERT INTO `departments` (`id`, `group_id`, `department_name`) VALUES
(1, 10, '技术'),
(2, 24, '游戏技术'),
(3, 36, '奇胜组1号'),
(4, 25, '投放'),
(5, 34, '产品'),
(6, 7, '选人'),
(7, 8, '用人'),
(8, 12, '财务'),
(9, 9, '总办'),
(10, 39, '鲲鹏'),
(11, 0, '政委'),
(12, 0, '行政'),
(13, 17, '大富'),
(14, 41, '观星'),
(15, 26, '奇胜组-行业研究'),
(16, 37, '奇胜组2号');

-- --------------------------------------------------------

--
-- 表的结构 `today_target`
--

CREATE TABLE `today_target` (
  `id` int(11) NOT NULL,
  `report_date` int(11) DEFAULT NULL,
  `department_id` int(11) NOT NULL,
  `content` text DEFAULT NULL COMMENT '内容摘要',
  `message` text DEFAULT NULL
) ENGINE=InnoDB DEFAULT CHARSET=utf8mb4 COLLATE=utf8mb4_general_ci;

--
-- 转存表中的数据 `today_target`
--

INSERT INTO `today_target` (`id`, `report_date`, `department_id`, `content`, `message`) VALUES
(1, 20250318, 2, '@所有人 \n周二工作计划\n研发计划：\n1.美国H5-邮箱登录MVP，测试反馈处理。@子腾 @国良 @方毅\n2.美国H5-USDT充提 - 更换推荐应用（币安停运）,提交测试。@子腾\n3.美国H5-限时首充礼包文案优化（尾号10%测试）,提交测试。@子腾\n4.美国H5-Facebook 应用内打开流程优化,提交测试 @子腾\n5.美国H5-手机号可以解绑+删号，手机号查询绑定日志，UC、数据库先开发。 @方毅 \n6.美国H5-断线重连 - 进入其他游戏时提示还有未完成的免费次数，提交测试.@嘉轩 @国良\n7.美国H5-分上游渠道选择性内嵌收银台，提交测试。@方毅 @远浩 @俊华\n8.新地区测试环境部署（英文版本)部署。@远浩(推进) 国良 苏熙 \n9.运维管理后系统开发。@远浩\n10.线上问题排查：\n	a.待输出结论问题：信用卡CZ下架，仍有171订单问题。@子腾 @国良\n	b.线上大厅卡住，子游戏无法进入排查，未找到根本原因。@苏熙\n\n需求核对：\n1.美国H5-USDT充提 - 更换推荐应用（币安停运)。\n2.美国H5-断线重连 - 进入其他游戏时提示还有未完成的免费次数。\n3.美国H5-分上游渠道选择性内嵌收银台。\n4.美国H5-手机号可以解绑+删号，手机号查询绑定日志。\n5.限时首充礼包文案优化(尾号10%测试)。\n\n发布内容：\n1.美国H5-八项需求代码合并发布。@子腾、俊华、嘉轩、国良、方毅', ''),
(4, 20250319, 2, '周三工作计划\n研发计划：\n1.美国H5-邮箱登录MVP，测试反馈处理。@子腾 @国良 @方毅\n2.美国H5-Facebook 报红问题落地页改造A方案，测试反馈及处理。B备用方案开发。 @子腾\n3.美国H5-手机号可以解绑+删号，手机号查询绑定日志，UC、数据库先开发，进度50%。 @方毅 \n4.美国H5 - Google的VIP导流到APK，完成开发，提交测试。@嘉轩\n5.美国H5-游戏记录 - 游戏内和后台，推进至90%。 @方毅 @国良 @俊华 \n6.美国H5-分上游渠道选择性内嵌收银台，提交到测试。 @远浩 @俊华 \n7.新地区测试环境部署（英文版本)部署，进度10%。@远浩(推进) 国良 苏熙 \n8.财务联运优化需求。@远浩\n9.小米上包交付X4。@维城\n10.PP回合数据全面复查。@维城\n11.线上问题排查：\n	a.线上大厅卡住，子游戏无法进入排查，找到两个原因，继续排查其它地区共性问题。@苏熙\n\n发布内容：\n1.美国H5-八项需求代码合并发布。@子腾、俊华、嘉轩、国良、方毅 \n2.美国H5-USDT充提 - 更换推荐应用（币安停运）@俊华\n3.美国H5-限时首充礼包文案优化（尾号10%测试）@俊华', ''),
(7, 20250320, 2, ' 周四工作计划\n研发计划：\n1.美国H5-手机号可以解绑+删号，手机号查询绑定日志，开发至50%。 @方毅 @嘉轩\n2.美国H5 - Google的VIP导流到APK，提交测试。@嘉轩 \n3.新地区测试环境部署（英文版本)部署，进度30%。@远浩(推进) 国良 苏熙 \n4.财务联运优化需求，开发进度至40%。@远浩\n5.小米上包交付X4。@维城\n6.美国H5-手机号可以解绑+删号，手机号查询绑定日志。@嘉轩 @方毅\n7.美国H5-运营后台 - Banner 配置系统，前端交付。@子腾\n8.美国H5-Facebook 应用内打开流程优化。@子腾\n9.美国H5-个人资金区域交互优化 + 引导充值高额 + 其他，开发进度50%。@俊华\n10.线上问题排查：\n	a.线上大厅卡住，子游戏无法进入排查，引擎加载已优化，继续排查其它地区共性问题。@苏熙\n\n发布内容：\n1.美国H5-八项需求代码合并发布。@子腾、俊华、嘉轩、国良、方毅 \n2.美国H5-USDT充提 - 更换推荐应用（币安停运）@俊华\n3.美国H5-限时首充礼包文案优化（尾号10%测试）@俊华\n\n', ''),
(9, 20250321, 2, '周五研发计划：\n1.新地区测试环境部署（英文版本)部署，进度50%。@远浩(推进) 国良 苏熙 \n2.财务联运优化需求，进度60%。@远浩\n3.小米上包交付X4。@维城\n4.美国H5-运营后台 - Banner 配置系统，前端交付。@子腾 \n5.美国H5-Facebook 应用内打开流程优化。@嘉轩\n6.美国H5-个人资金区域交互优化 + 引导充值高额 + 其他，完成开发。@俊华\n7.线上问题排查。@嘉轩 @国良 @苏熙\n8.PP新增子游戏提交测试X15。 @李欣\n9.美国子游戏优化同步至巴西、秘鲁、墨西哥、智利。@维城\n10.检测房间机器人接入websocket协议。@国良\n11.技术评审委员会方案，明天完成文档。@苏熙\n\n发布内容：\n1.美国H5-美国H5-邮箱登录MVP。@子腾、国良、方毅 \n2.美国H5-USDT充提 - 更换推荐应用（币安停运）@俊华 \n3.美国H5-限时首充礼包文案优化（尾号10%测试）@俊华\n4.美国H5-分上游渠道选择性内嵌收银台。@俊华 @远浩', '');

-- --------------------------------------------------------

--
-- 表的结构 `users`
--

CREATE TABLE `users` (
  `id` int(11) NOT NULL,
  `partner_name` varchar(100) NOT NULL,
  `mode` varchar(50) NOT NULL,
  `department_id` int(11) NOT NULL,
  `position` varchar(100) NOT NULL,
  `is_active` tinyint(1) DEFAULT 1
) ENGINE=InnoDB DEFAULT CHARSET=utf8mb4 COLLATE=utf8mb4_general_ci;

--
-- 转存表中的数据 `users`
--

INSERT INTO `users` (`id`, `partner_name`, `mode`, `department_id`, `position`, `is_active`) VALUES
(1, '杨杨', '拼搏模式', 13, '队长', 1),
(2, '郦一琦', '拼搏模式', 13, '助理', 1),
(3, '梅习勋', '正常模式', 13, '客服', 1),
(4, '杜佳琦', '拼搏模式', 13, '客服', 1),
(5, '蒋鑫', '正常模式', 13, '客服', 1),
(6, '徐丽琴', '正常模式', 13, '客服', 1),
(7, '刘志珍', '正常模式', 13, '客服', 1),
(8, '翁林涛', '正常模式', 13, '客服', 1),
(9, '赵艺徽', '正常模式', 13, '客服', 1),
(10, '徐缘康', '正常模式', 13, '客服', 1),
(11, '董陈刚', '拼搏模式', 1, '队长', 1),
(12, '郑燕飞', '拼搏模式', 1, '开发', 1),
(13, '王雪斌', '拼搏模式', 1, '测试', 1),
(14, '方旭', '拼搏模式', 1, '运维', 1),
(15, '陈苏熙', '拼搏模式', 2, '队长', 1),
(16, '曹方毅', '拼搏模式', 2, '开发', 1),
(17, '曹远浩', '拼搏模式', 2, '开发', 1),
(18, '李欣', '拼搏模式', 2, '开发', 1),
(19, '帅维城', '拼搏模式', 2, '开发', 1),
(20, '王威', '拼搏模式', 4, '队长', 1),
(21, '王斌', '拼搏模式', 4, '投手', 1),
(22, '张梁', '拼搏模式', 5, '队长', 1),
(23, '张锴楠', '拼搏模式', 5, '产品', 1),
(24, '孙晓远', '拼搏模式', 6, '队长', 1),
(25, '章志雄', '拼搏模式', 7, '队长', 1),
(26, '杨秀玲', '正常模式', 8, '队长', 1),
(27, '何流芳', '正常模式', 8, '出纳', 1),
(28, '杨思涵', '正常模式', 8, '8', 1),
(29, '徐艳', '正常模式', 8, '8', 1),
(30, '潘楚涵', '正常模式', 8, '8', 1),
(31, '叶积建', '拼搏模式', 9, '跟进', 1),
(32, '王旭', '拼搏模式', 9, '风控', 1),
(33, '钱贵祥', '拼搏模式', 3, '队长', 1),
(34, '孔祥东', '拼搏模式', 3, '开发', 1),
(35, '王子金', '拼搏模式', 3, '开发', 1),
(36, '周杭民', '拼搏模式', 16, '开发', 1),
(37, '朱军丹', '拼搏模式', 15, '调研', 1),
(38, '王凯祥', '拼搏模式', 15, '调研', 1),
(39, '徐宜邦', '拼搏模式', 15, '调研', 1),
(40, '陶乐欣', '拼搏模式', 15, '调研', 1),
(41, '梁浩风', '拼搏模式', 10, '队长', 1),
(42, '钱星瑞', '正常模式', 1, '测试', 1),
(43, '王然', '正常模式', 1, '测试', 1),
(44, '朱唯冬', '正常模式', 1, '运维', 1),
(45, '谢国良', '正常模式', 2, '开发', 1),
(46, '梁嘉轩', '正常模式', 2, '开发', 1),
(47, '王子腾', '正常模式', 2, '开发', 1),
(48, '陶俊华', '正常模式', 2, '开发', 1),
(49, '刘肖', '正常模式', 4, '投手', 1),
(50, '王奖焱', '正常模式', 4, '投手', 1),
(51, '余佳浩', '正常模式', 4, '投手', 1),
(52, '张文俊', '正常模式', 4, '投手', 1),
(53, '占承帅', '正常模式', 4, '投手', 1),
(54, '朴曙明', '正常模式', 4, '投手', 1),
(55, '施晓虎', '正常模式', 4, '投手', 1),
(56, '杨楠', '正常模式', 5, '设计', 0),
(57, '朱靖恺', '正常模式', 5, '设计', 1),
(58, '解午刚', '正常模式', 5, '设计', 1),
(59, '左鹏', '正常模式', 5, '设计', 1),
(60, '陈凡希', '正常模式', 6, '11', 1),
(61, '童梅君', '正常模式', 6, '6', 1),
(62, '康琪琪', '正常模式', 6, '6', 1),
(63, '邵雨谦', '正常模式', 6, '6', 1),
(64, '王艺凝', '正常模式', 6, '11', 1),
(65, '张祎璇', '正常模式', 7, '7', 1),
(66, '朱清源', '正常模式', 8, '8', 1),
(67, '陈堯朴', '正常模式', 9, '9', 1),
(68, '董展', '正常模式', 3, '开发', 0),
(69, '梁超', '正常模式', 14, '商务', 1),
(70, '徐璠', '正常模式', 14, '数据', 1),
(71, '乃扎提', '正常模式', 4, '投手', 1),
(72, '秦涛', '正常模式', 10, '开发', 1),
(73, '李卓浩', '正常模式', 10, '开发', 1),
(74, 'test', '正常模式', 3, '开发', 0);

-- --------------------------------------------------------

--
-- 表的结构 `weekly_goals`
--

CREATE TABLE `weekly_goals` (
  `id` int(11) NOT NULL,
  `department_id` int(11) NOT NULL,
  `executor` varchar(250) NOT NULL,
  `executor_id` text NOT NULL,
  `weekly_goal` text NOT NULL,
  `priority` int(5) NOT NULL,
  `status` int(11) NOT NULL DEFAULT 0,
  `is_new_goal` tinyint(1) DEFAULT 0,
  `createdate` int(11) NOT NULL,
  `mondayDate` int(11) NOT NULL COMMENT '周一日期,通过这个判断出是否本周的周任务'
) ENGINE=InnoDB DEFAULT CHARSET=utf8mb4 COLLATE=utf8mb4_general_ci;

--
-- 转存表中的数据 `weekly_goals`
--

INSERT INTO `weekly_goals` (`id`, `department_id`, `executor`, `executor_id`, `weekly_goal`, `priority`, `status`, `is_new_goal`, `createdate`, `mondayDate`) VALUES
(1, 2, '李欣/陈苏熙', '18/15', '游戏 RTP 调整测试 - 增加 PP、PG 爽感', 10, 1, 0, 20250319, 20250317),
(2, 2, '谢国良', '45', '美国H5-限制1小时IP注册量', 10, 1, 0, 20250319, 20250317),
(3, 2, '曹远浩', '17', '新支付通道接入', 10, 1, 0, 20250319, 20250317),
(4, 2, '曹远浩', '17', '智利-TodayPay接入', 10, 1, 0, 20250319, 20250317),
(5, 2, '王子腾/谢国良/曹方毅', '47/45/16', '美国H5-邮箱登录MVP', 10, 1, 0, 20250319, 20250317),
(6, 2, '李欣/帅维城', '18/19', 'PP自研-子游戏服务部署X20', 9, 1, 0, 20250319, 20250317),
(7, 2, '王子腾/陶俊华', '47/48', '美国H5-退出和切换页签，停留当前房间\r\n', 9, 1, 0, 20250319, 20250317),
(8, 2, '王子腾/陶俊华', '47/48', '美国H5-侧边栏遮罩', 9, 1, 0, 20250319, 20250317),
(9, 2, '陈苏熙/谢国良', '15/45', '美国Google提审包（A/B投放包归因接入）', 9, 1, 0, 20250319, 20250317),
(10, 2, '梁嘉轩/曹方毅/谢国良', '46/16/45', '美国H5 - Google的VIP导流到APK', 9, 1, 0, 20250319, 20250317),
(11, 2, '陶俊华', '48', '美国H5-弱时间给玩家发放免费转盘', 9, 1, 0, 20250319, 20250317),
(12, 2, '梁嘉轩', '46', '美国H5-引擎加载页 - 优化进度条展示', 9, 1, 0, 20250319, 20250317),
(13, 2, '王子腾', '47', '美国H5-搜索功能', 9, 1, 0, 20250319, 20250317),
(14, 2, '王子腾', '47', '美国H5-分包增加颜色配置', 9, 1, 0, 20250319, 20250317),
(15, 2, '梁嘉轩', '46', '美国H5-游戏内互导', 10, 1, 0, 20250319, 20250317),
(16, 2, '王子腾', '47', '美国H5-前端点任何位置都关不掉问题修复', 9, 1, 0, 20250319, 20250317),
(17, 2, '帅维城', '19', '美国H5-断线重连的交互优化提示（Lua转JS的7个游戏）', 9, 1, 1, 20250319, 20250317),
(18, 2, '帅维城', '19', '美国H5-游戏内推送破产礼包（全覆盖）', 9, 1, 0, 20250319, 20250317),
(19, 2, '帅维城', '19', '美国H5-细节优化 0228 （收藏效果）', 9, 1, 0, 20250319, 20250317),
(20, 2, '陶俊华/谢国良/曹方毅', '48/45/16', '美国H5-游戏记录 - 游戏内和后台', 6, 1, 0, 20250319, 20250317),
(21, 2, '曹方毅', '16', '美国H5-WhatsApp 提款失败原路返回', 9, 1, 0, 20250319, 20250317),
(22, 2, '王子腾', '47', '美国H5-游戏内在线客服', 3, 1, 0, 20250319, 20250317),
(23, 2, '王子腾', '47', '美国H5-断线重连 - 进入其他游戏时提示还有未完成的免费次数', 3, 1, 0, 20250319, 20250317),
(24, 2, '梁嘉轩', '46', '美国H5-每个玩家，每日随机3个幸运房间', 3, 1, 0, 20250319, 20250317),
(25, 2, '王子腾', '47', '巴西H5-小米巴西上架包B面风控优化', 6, 1, 0, 20250319, 20250317),
(26, 2, '王子腾', '47', '墨西哥分包方案', 9, 1, 0, 20250319, 20250317),
(27, 2, '梁嘉轩', '46', 'TW社交聊天软件', 3, 1, 0, 20250319, 20250317),
(28, 2, '帅维城', '19', '巴西小米冲刺2000+（上包提速）', 9, 1, 0, 20250319, 20250317),
(29, 2, '谢国良', '45', 'UC、游戏服务Linux迁移', 9, 1, 0, 20250319, 20250317),
(30, 2, '谢国良', '45', 'PP\\PG首充风控优化重构', 9, 1, 0, 20250319, 20250317),
(31, 2, '谢国良', '45', 'PP\\PG子游戏服务端崩溃问题排查及子游戏优化', 9, 1, 0, 20250319, 20250317),
(32, 2, '曹远浩', '17', '运维管理后台宝塔权限系统开发', 9, 1, 0, 20250319, 20250317),
(33, 2, '陈苏熙/梁嘉轩/李欣', '15/46/18', '线上、客服反馈问题处理', 9, 1, 0, 20250319, 20250317),
(34, 2, '曹方毅/梁嘉轩', '16/46', '美国H5-手机号可以解绑+删号，手机号查询绑定日志', 9, 1, 1, 20250320, 20250317);

--
-- 转储表的索引
--

--
-- 表的索引 `daily_tasks`
--
ALTER TABLE `daily_tasks`
  ADD PRIMARY KEY (`id`);

--
-- 表的索引 `departments`
--
ALTER TABLE `departments`
  ADD PRIMARY KEY (`id`),
  ADD UNIQUE KEY `department_name` (`department_name`),
  ADD KEY `group_id` (`group_id`);

--
-- 表的索引 `today_target`
--
ALTER TABLE `today_target`
  ADD PRIMARY KEY (`id`),
  ADD UNIQUE KEY `report_date` (`report_date`),
  ADD KEY `idx_report_date` (`report_date`,`id`),
  ADD KEY `idx_message_prefix` (`message`(255));

--
-- 表的索引 `users`
--
ALTER TABLE `users`
  ADD PRIMARY KEY (`id`),
  ADD KEY `department_id` (`department_id`);

--
-- 表的索引 `weekly_goals`
--
ALTER TABLE `weekly_goals`
  ADD PRIMARY KEY (`id`);

--
-- 在导出的表使用AUTO_INCREMENT
--

--
-- 使用表AUTO_INCREMENT `daily_tasks`
--
ALTER TABLE `daily_tasks`
  MODIFY `id` int(11) NOT NULL AUTO_INCREMENT, AUTO_INCREMENT=2060;

--
-- 使用表AUTO_INCREMENT `departments`
--
ALTER TABLE `departments`
  MODIFY `id` int(11) NOT NULL AUTO_INCREMENT, AUTO_INCREMENT=17;

--
-- 使用表AUTO_INCREMENT `today_target`
--
ALTER TABLE `today_target`
  MODIFY `id` int(11) NOT NULL AUTO_INCREMENT, AUTO_INCREMENT=10;

--
-- 使用表AUTO_INCREMENT `users`
--
ALTER TABLE `users`
  MODIFY `id` int(11) NOT NULL AUTO_INCREMENT, AUTO_INCREMENT=75;

--
-- 使用表AUTO_INCREMENT `weekly_goals`
--
ALTER TABLE `weekly_goals`
  MODIFY `id` int(11) NOT NULL AUTO_INCREMENT, AUTO_INCREMENT=35;

--
-- 限制导出的表
--

--
-- 限制表 `users`
--
ALTER TABLE `users`
  ADD CONSTRAINT `users_ibfk_1` FOREIGN KEY (`department_id`) REFERENCES `departments` (`id`);
COMMIT;

/*!40101 SET CHARACTER_SET_CLIENT=@OLD_CHARACTER_SET_CLIENT */;
/*!40101 SET CHARACTER_SET_RESULTS=@OLD_CHARACTER_SET_RESULTS */;
/*!40101 SET COLLATION_CONNECTION=@OLD_COLLATION_CONNECTION */;
